gene,exp,sd_m,sd_p
control,1,0.16,0.19
hdg5-7,5.43249639,3.35,8.74
hdg5-8,16.55829149,3.07,3.77
hdg5-9,3.091753729,0.99,1.46
